epoch,accuracy,epoch_time,loss,precision,probe_accuracy,probe_loss,recall,val_accuracy,val_loss,val_precision,val_recall
0,0.7777138352394104,152.77527499198914,0.7512056827545166,0.8815672397613525,0.814453125,0.5897388057783246,0.7064266800880432,0.8067396879196167,0.6215107440948486,0.8574768900871277,0.7766320109367371
1,0.9118635654449463,197.61385107040405,0.27427470684051514,0.9316366314888,0.9013671875,0.2995237805880606,0.8965104222297668,0.8866586685180664,0.3587265908718109,0.903954267501831,0.8734923005104065
2,0.9405211210250854,216.9580569267273,0.18428273499011993,0.9511203765869141,0.9423828125,0.1546477839583531,0.9320734739303589,0.9385876059532166,0.1893678456544876,0.9482225179672241,0.930761456489563
3,0.9545621871948242,228.19866490364075,0.13570420444011688,0.9610652923583984,0.9521484375,0.1290078975725919,0.9494291543960571,0.9367461800575256,0.19512811303138733,0.9447508454322815,0.9304852485656738
4,0.9613755345344543,233.7203299999237,0.1137545257806778,0.9653291702270508,0.921875,0.23643294209614396,0.9574854969978333,0.9022189378738403,0.3247549533843994,0.9144935607910156,0.8911702632904053
5,0.9727925658226013,247.33402800559998,0.08253418654203415,0.9758408069610596,0.9736328125,0.08377397907315753,0.9697311520576477,0.9530429840087891,0.14988194406032562,0.9580348134040833,0.9479790329933167
6,0.9734830856323242,272.68812894821167,0.07691475749015808,0.9762566089630127,0.9697265625,0.08163518804212799,0.9710431694984436,0.9538716673851013,0.15182004868984222,0.9579933285713196,0.9512015581130981
7,0.9796289205551147,283.5273449420929,0.06027429178357124,0.9816111326217651,0.9873046875,0.03459064151684288,0.978063702583313,0.9674063324928284,0.10477343201637268,0.9694699048995972,0.9648283123970032
8,0.9808489084243774,312.59377121925354,0.0557524599134922,0.9824103713035583,0.9853515625,0.04942318654138944,0.9796289205551147,0.9524905681610107,0.1534063220024109,0.9562274217605591,0.9493600726127625
9,0.984531819820404,297.9105157852173,0.04447808861732483,0.9856730699539185,0.994140625,0.01992017291195225,0.9834269285202026,0.973298966884613,0.08939357846975327,0.9747899174690247,0.9719178676605225
10,0.9854065179824829,330.489559173584,0.04349517822265625,0.9865731596946716,0.9248046875,0.2566162390867248,0.9843476414680481,0.908295750617981,0.33613303303718567,0.9143309593200684,0.904060423374176
11,0.9890203475952148,335.84663128852844,0.033245496451854706,0.9896966814994812,0.9619140625,0.15605607088946272,0.9883298277854919,0.9326949715614319,0.2612413763999939,0.9369837641716003,0.9295644760131836
12,0.9875702261924744,331.43627071380615,0.03743498772382736,0.9882220029830933,0.9775390625,0.07235383152328723,0.98690265417099,0.9513856768608093,0.18609733879566193,0.9535744190216064,0.9493600726127625
13,0.9892505407333374,343.9062159061432,0.03254460170865059,0.9898135662078857,0.9912109375,0.02902337081195583,0.9886060357093811,0.966301441192627,0.11480716615915298,0.9680458307266235,0.9651045203208923
14,0.9908848404884338,340.7669823169708,0.028054755181074142,0.9914055466651917,0.955078125,0.1319235672162904,0.9904014468193054,0.9383113980293274,0.23187069594860077,0.9405555725097656,0.9352729916572571
