epoch,accuracy,epoch_time,learning_rate,loss,precision,probe_accuracy,probe_loss,recall,val_accuracy,val_loss,val_precision,val_recall
0,0.4093775749206543,150.20543885231018,0.0010000000474974513,2.0992000102996826,0.8191214203834534,0.6826171875,1.0999275986105204,0.2699797451496124,0.6772857308387756,1.1102098226547241,0.895765483379364,0.4810791015625
1,0.5342049598693848,191.91842913627625,0.0010000000474974513,1.4869709014892578,0.8294931054115295,0.720703125,0.9553319234400988,0.4018966853618622,0.7088665962219238,0.952421247959137,0.897675096988678,0.5581437945365906
2,0.5860418081283569,201.37842798233032,0.0010000000474974513,1.3022505044937134,0.8385592103004456,0.775390625,0.7277685832232237,0.4635392725467682,0.7642942667007446,0.767970621585846,0.8792276382446289,0.6582266688346863
3,0.6251726150512695,210.13569498062134,0.0010000000474974513,1.1517306566238403,0.8496845364570618,0.84765625,0.5039049182087183,0.5083555579185486,0.8453181385993958,0.5163291096687317,0.9353181719779968,0.7375932335853577
4,0.661034882068634,215.17565298080444,0.0010000000474974513,1.0305509567260742,0.8550316095352173,0.8603515625,0.4686209377832711,0.5513304471969604,0.8593131303787231,0.4676409363746643,0.9397179484367371,0.760703444480896
5,0.695516049861908,220.7751920223236,0.0010000000474974513,0.9184677004814148,0.8667000532150269,0.90234375,0.3343102331273258,0.5975968837738037,0.8840806484222412,0.3756859600543976,0.9365710616111755,0.8238652348518372
6,0.7293757200241089,221.6517391204834,0.0010000000474974513,0.8091530799865723,0.8754560351371765,0.9052734375,0.2971833902411163,0.6407328844070435,0.8959580063819885,0.3311164975166321,0.936488687992096,0.8525918126106262
7,0.7613939642906189,220.5582139492035,0.0010000000474974513,0.7114660143852234,0.8835618495941162,0.9267578125,0.2328267483972013,0.6808534860610962,0.9183316230773926,0.2672930359840393,0.9472019076347351,0.8820550441741943
8,0.7891538739204407,212.13845300674438,0.0010000000474974513,0.6326378583908081,0.8897398114204407,0.931640625,0.20769613300217316,0.7193858623504639,0.9183316230773926,0.2610154449939728,0.9459275007247925,0.8939324021339417
9,0.8211720585823059,214.7568199634552,0.0010000000474974513,0.5367884039878845,0.9032310843467712,0.9599609375,0.13909249182324857,0.7624988555908203,0.9465058445930481,0.17999261617660522,0.9612860083580017,0.9304852485656738
10,0.8569883108139038,219.48479104042053,0.0010000000474974513,0.4301799237728119,0.9135122299194336,0.962890625,0.11320865838206373,0.8132538199424744,0.9479790329933167,0.170786052942276,0.9587424397468567,0.9349967837333679
11,0.8804668188095093,215.31580209732056,0.0010000000474974513,0.35022902488708496,0.9262521862983704,0.9150390625,0.2683012399356812,0.8470674753189087,0.9085719585418701,0.35360094904899597,0.922996997833252,0.899456799030304
12,0.8938173055648804,211.77509999275208,0.0010000000474974513,0.3200945556163788,0.930395781993866,0.9619140625,0.10748513619182631,0.8636635541915894,0.9470582604408264,0.15263544023036957,0.9554181694984436,0.9392321109771729
13,0.9045207500457764,213.79157519340515,0.0010000000474974513,0.2898239195346832,0.9361101984977722,0.974609375,0.07800945205235621,0.8789016008377075,0.9581069946289062,0.13011199235916138,0.9642723798751831,0.9517539739608765
14,0.9133366942405701,211.5279839038849,0.0010000000474974513,0.2595701813697815,0.9403024911880493,0.9765625,0.07991417875746265,0.8915385603904724,0.9550685882568359,0.14745193719863892,0.9619686603546143,0.9501887559890747
15,0.9202651977539062,207.39434909820557,0.0010000000474974513,0.24124908447265625,0.9450305104255676,0.9755859375,0.07493142524617724,0.8990885019302368,0.9523984789848328,0.16004842519760132,0.9584962129592896,0.948347270488739
16,0.9375517964363098,205.26161789894104,0.0005000000237487257,0.18448518216609955,0.9553154110908508,0.986328125,0.03594398851691949,0.9217153191566467,0.9731147885322571,0.08391818404197693,0.9766688346862793,0.9712733626365662
17,0.9448025226593018,205.75366115570068,0.0005000000237487257,0.16092908382415771,0.9606368541717529,0.98828125,0.032352556593195914,0.9319353699684143,0.975692868232727,0.08084408938884735,0.9786309003829956,0.9740355610847473
18,0.947817862033844,205.39349603652954,0.0005000000237487257,0.1548423022031784,0.9619890451431274,0.9951171875,0.0190048849226514,0.9355722069740295,0.9791916012763977,0.06927908211946487,0.9818753600120544,0.977626383304596
19,0.9506721496582031,202.77098774909973,0.0005000000237487257,0.14328785240650177,0.964332103729248,0.9951171875,0.01620675155572826,0.9403370022773743,0.9785470962524414,0.07262621074914932,0.9807674288749695,0.9766135811805725
20,0.9547693729400635,207.08553099632263,0.0005000000237487257,0.13450977206230164,0.9668181538581848,0.9892578125,0.026991602710950247,0.9449866414070129,0.9742196798324585,0.08984662592411041,0.9767850637435913,0.9723782539367676
21,0.9646441340446472,208.34946203231812,0.0002500000118743628,0.10476013273000717,0.9737483263015747,0.9970703125,0.009872618305507785,0.9571171998977661,0.9824141263961792,0.06491927802562714,0.9843013882637024,0.9814013242721558
22,0.9664165377616882,209.00486302375793,0.0002500000118743628,0.09691739082336426,0.9741947650909424,0.998046875,0.009641030651437177,0.9593499898910522,0.9820458292961121,0.06305012106895447,0.9831149578094482,0.9810330271720886
23,0.9680278301239014,212.26447582244873,0.0002500000118743628,0.0931735560297966,0.976074755191803,0.9990234375,0.00666887685497386,0.9616057276725769,0.984623908996582,0.05708800628781319,0.9855085611343384,0.9830586314201355
24,0.9686262607574463,211.244882106781,0.0002500000118743628,0.09182459115982056,0.9756518602371216,0.9970703125,0.008105031776437954,0.9620200991630554,0.9814934134483337,0.06634707748889923,0.9827442765235901,0.9805727005004883
25,0.9716876745223999,217.26293802261353,0.0002500000118743628,0.08097092062234879,0.9775267839431763,0.9990234375,0.0056368546088378935,0.9661863446235657,0.9837031364440918,0.06112482398748398,0.9846026301383972,0.9832428097724915
26,0.9745649695396423,212.7917139530182,0.0001250000059371814,0.07529646903276443,0.980134904384613,0.9990234375,0.004078907868290571,0.9698922634124756,0.9842556118965149,0.05867593362927437,0.9850636124610901,0.9837031364440918
27,0.9753935933113098,213.11051273345947,0.0001250000059371814,0.07215851545333862,0.9805581569671631,1.0,0.00444378894331976,0.9705367684364319,0.9850842356681824,0.057286594063043594,0.9860700964927673,0.9841635227203369
28,0.9773501753807068,212.47974920272827,6.25000029685907e-05,0.06709112226963043,0.9818760752677917,1.0,0.004196480321667195,0.97267746925354,0.9853604435920715,0.05623882636427879,0.9861611127853394,0.9841635227203369
29,0.9768437743186951,211.48155903816223,6.25000029685907e-05,0.0666646882891655,0.9819141030311584,1.0,0.0036039728743730848,0.9722631573677063,0.9856367111206055,0.05570273846387863,0.9863556623458862,0.9850842356681824
