epoch,accuracy,epoch_time,loss,precision,recall,val_accuracy,val_loss,val_precision,val_recall
0,0.7777138352394104,232.02371907234192,0.7512056827545166,0.8815672397613525,0.7064266800880432,0.7658594846725464,0.7775764465332031,0.8184621930122375,0.7330816388130188
1,0.9118635654449463,222.19086289405823,0.27427470684051514,0.9316366314888,0.8965104222297668,0.8173280358314514,0.6779298782348633,0.8417936563491821,0.798545241355896
2,0.9405211210250854,223.20758390426636,0.18428273499011993,0.9511203765869141,0.9320734739303589,0.9038762450218201,0.31061115860939026,0.9183557629585266,0.892735481262207
3,0.9545621871948242,236.0689878463745,0.13570420444011688,0.9610652923583984,0.9494291543960571,0.9315900802612305,0.21374297142028809,0.9394392371177673,0.9255133271217346
4,0.9613755345344543,248.5131380558014,0.1137545257806778,0.9653291702270508,0.9574854969978333,0.8156707286834717,0.6566657423973083,0.8332222700119019,0.8059110641479492
5,0.9727925658226013,252.08316707611084,0.08253418654203415,0.9758408069610596,0.9697311520576477,0.9500045776367188,0.15829461812973022,0.9565379619598389,0.94429612159729
6,0.9734830856323242,250.58341884613037,0.07691475749015808,0.9762566089630127,0.9710431694984436,0.9535033702850342,0.15401922166347504,0.957533597946167,0.950833261013031
7,0.9796289205551147,274.36870789527893,0.06027429178357124,0.9816111326217651,0.978063702583313,0.950741171836853,0.16265326738357544,0.955118715763092,0.948347270488739
8,0.9808489084243774,264.383740901947,0.0557524599134922,0.9824103713035583,0.9796289205551147,0.9131755828857422,0.3069480359554291,0.9191532731056213,0.9075591564178467
9,0.984531819820404,242.08253598213196,0.04447808861732483,0.9856730699539185,0.9834269285202026,0.9637234210968018,0.12978921830654144,0.9665032029151917,0.9616978168487549
10,0.9854065179824829,261.66405606269836,0.04349517822265625,0.9865731596946716,0.9843476414680481,0.90175861120224,0.36014628410339355,0.9091757535934448,0.8967866897583008
11,0.9890203475952148,242.9704270362854,0.033245496451854706,0.9896966814994812,0.9883298277854919,0.8966946005821228,0.40435126423835754,0.9032198190689087,0.8936561942100525
12,0.9875702261924744,243.38209414482117,0.03743498772382736,0.9882220029830933,0.98690265417099,0.9553447961807251,0.16902318596839905,0.9575824737548828,0.9540557861328125
13,0.9892505407333374,245.7527391910553,0.03254460170865059,0.9898135662078857,0.9886060357093811,0.9346284866333008,0.26255977153778076,0.9384501576423645,0.9321425557136536
14,0.9908848404884338,230.11095094680786,0.028054755181074142,0.9914055466651917,0.9904014468193054,0.8989964127540588,0.39780545234680176,0.9053651094436646,0.8949452042579651
